playername,playerid
Nickeil Alexander-Walker,1
Justin Anderson,2
D.J. Augustin,3
Marvin Bagley III,4
DeAndre' Bembry,5
D?vis Bert?ns,6
Armoni Brooks,7
Charlie Brown Jr.,8
Chaundee Brown Jr.,9
Moses Brown,10
Vernon Carey Jr.,11
Jevon Carter,12
Willie Cauley-Stein,13
DeMarcus Cousins,14
Robert Covington,15
Torrey Craig,16
Seth Curry,17
Spencer Dinwiddie,18
Donte DiVincenzo,19
Jeff Dowtin,20
Goran Dragi?,21
Andre Drummond,22
James Ennis III,23
Drew Eubanks,24
Bruno Fernando,25
Malik Fitts,26
Bryn Forbes,27
Tim Frazier,28
Wenyen Gabriel,29
Langston Galloway,30
Tyrese Haliburton,31
James Harden,32
Montrezl Harrell,33
Josh Hart,34
Juancho Hernang?mez,35
Buddy Hield,36
Malcolm Hill,37
Aaron Holiday,38
Justin Holiday,39
Rodney Hood,40
Danuel House Jr.,41
Elijah Hughes,42
Serge Ibaka,43
Josh Jackson,44
Justin Jackson,45
Alize Johnson,46
Keon Johnson,47
Tyler Johnson,48
Carlik Jones,49
DeAndre Jordan,50
Georgios Kalaitzakis,51
Braxton Key,52
Kevin Knox,53
Luke Kornet,54
Jeremy Lamb,55
Romeo Langford,56
Caris LeVert,57
Didi Louzada,58
Trey Lyles,59
Kelan Martin,60
Mac McClung,61
CJ McCollum,62
Paul Millsap,63
Greg Monroe,64
Juwan Morgan,65
Mychal Mulder,66
Larry Nance Jr.,67
Semi Ojeleye,68
Reggie Perry,69
Kristaps Porzi??is,70
Norman Powell,71
Cam Reddish,72
Josh Richardson,73
Justin Robinson,74
Rajon Rondo,75
Domantas Sabonis,76
Tom?? Satoransk?,77
Dennis Schr?der,78
Chris Silva,79
Javonte Smart,80
Ish Smith,81
Jalen Smith,82
Xavier Sneed,83
Tony Snell,84
Nik Stauskas,85
Lance Stephenson,86
Daniel Theis,87
Isaiah Thomas,88
Tristan Thompson,89
Rayjon Tucker,90
Denzel Valentine,91
Brad Wanamaker,92
Tremont Waters,93
Derrick White,94
Justise Winslow,95
Moses Wright,96
Thaddeus Young,97
Precious Achiuwa,98
Steven Adams,99
Bam Adebayo,100
Santi Aldama,101
LaMarcus Aldridge,102
Grayson Allen,103
Jarrett Allen,104
Jose Alvarado,105
Kyle Anderson,106
Giannis Antetokounmpo,107
Thanasis Antetokounmpo,108
Carmelo Anthony,109
Cole Anthony,110
OG Anunoby,111
Ryan Arcidiacono,112
Trevor Ariza,113
Deni Avdija,114
Joel Ayayi,115
Deandre Ayton,116
Udoka Azubuike,117
LaMelo Ball,118
Lonzo Ball,119
Mo Bamba,120
Desmond Bane,121
Dalano Banton,122
Cat Barber,123
Harrison Barnes,124
Scottie Barnes,125
RJ Barrett,126
Will Barton,127
Charles Bassey,128
Paris Bass,129
Keita Bates-Diop,130
Nicolas Batum,131
Kent Bazemore,132
Darius Bazley,133
Bradley Beal,134
Malik Beasley,135
Jordan Bell,136
Patrick Beverley,137
Saddiq Bey,138
Khem Birch,139
Goga Bitadze,140
Bismack Biyombo,141
Nemanja Bjelica,142
Eric Bledsoe,143
Keljin Blevins,144
Bogdan Bogdanovi?,145
Bojan Bogdanovi?,146
Bol Bol,147
Leandro Bolmaro,148
Isaac Bonga,149
Devin Booker,150
Brandon Boston Jr.,151
Chris Boucher,152
James Bouknight,153
Avery Bradley,154
Tony Bradley,155
Ignas Brazdeikis,156
Mikal Bridges,157
Miles Bridges,158
Oshae Brissett,159
Malcolm Brogdon,160
Dillon Brooks,161
Bruce Brown,162
Greg Brown III,163
Jaylen Brown,164
Sterling Brown,165
Troy Brown Jr.,166
Jalen Brunson,167
Thomas Bryant,168
Shaq Buchanan,169
Reggie Bullock,170
Trey Burke,171
Alec Burks,172
Jared Butler,173
Jimmy Butler,174
Devontae Cacok,175
Kentavious Caldwell-Pope,176
Facundo Campazzo,177
Vlatko ?an?ar,178
Devin Cannady,179
Clint Capela,180
Wendell Carter Jr.,181
Alex Caruso,182
Ahmad Caver,183
Justin Champagnie,184
Zylan Cheatham,185
Chris Chiozza,186
Josh Christopher,187
Marquese Chriss,188
Brandon Clarke,189
Gary Clark,190
Jordan Clarkson,191
Nic Claxton,192
Amir Coffey,193
Darren Collison,194
John Collins,195
Zach Collins,196
Mike Conley,197
Pat Connaughton,198
Tyler Cook,199
Sharife Cooper,200
Petr Cornelie,201
Jae Crowder,202
Jarrett Culver,203
Jarron Cumberland,204
Cade Cunningham,205
Stephen Curry,206
Anthony Davis,207
Ed Davis,208
Terence Davis,209
Gabriel Deck,210
Dewayne Dedmon,211
Sam Dekker,212
Javin DeLaurier,213
DeMar DeRozan,214
Mamadi Diakite,215
Cheick Diallo,216
Hamidou Diallo,217
Gorgui Dieng,218
Luka Don?i?,219
Luguentz Dort,220
Ayo Dosunmu,221
Damyean Dotson,222
Devon Dotson,223
Sekou Doumbouya,224
PJ Dozier,225
Chris Duarte,226
David Duke Jr.,227
Kris Dunn,228
Kevin Durant,229
Jaime Echenique,230
Anthony Edwards,231
Carsen Edwards,232
Kessler Edwards,233
Rob Edwards,234
CJ Elleby,235
Wayne Ellington,236
Joel Embiid,237
Tacko Fall,238
Derrick Favors,239
Dorian Finney-Smith,240
Malachi Flynn,241
Aleem Ford,242
Trent Forrest,243
Evan Fournier,244
De'Aaron Fox,245
Melvin Frazier,246
Markelle Fultz,247
Daniel Gafford,248
Danilo Gallinari,249
Darius Garland,250
Marcus Garrett,251
Usman Garuba,252
Luka Garza,253
Rudy Gay,254
Paul George,255
Taj Gibson,256
Josh Giddey,257
Shai Gilgeous-Alexander,258
Anthony Gill,259
Freddie Gillespie,260
Rudy Gobert,261
Brandon Goodwin,262
Jordan Goodwin,263
Aaron Gordon,264
Eric Gordon,265
Devonte' Graham,266
Jerami Grant,267
Hassani Gravett,268
Danny Green,269
Draymond Green,270
JaMychal Green,271
Javonte Green,272
Jalen Green,273
Jeff Green,274
Josh Green,275
Blake Griffin,276
Quentin Grimes,277
Kyle Guy,278
Rui Hachimura,279
Tyler Hall,280
R.J. Hampton,281
Tim Hardaway Jr.,282
Maurice Harkless,283
Jared Harper,284
Gary Harris,285
Joe Harris,286
Shaquille Harrison,287
Tobias Harris,288
Isaiah Hartenstein,289
Udonis Haslem,290
Sam Hauser,291
Jaxson Hayes,292
Killian Hayes,293
Gordon Hayward,294
Aaron Henry,295
Willy Hernang?mez,296
Tyler Herro,297
Haywood Highsmith,298
George Hill,299
Solomon Hill,300
Nate Hinton,301
Jaylen Hoard,302
Jrue Holiday,303
Richaun Holmes,304
Scotty Hopson,305
Al Horford,306
Talen Horton-Tucker,307
Dwight Howard,308
Markus Howard,309
Kevin Huerter,310
Jay Huff,311
De'Andre Hunter,312
Feron Hunt,313
Chandler Hutchison,314
Bones Hyland,315
Andre Iguodala,316
Joe Ingles,317
Brandon Ingram,318
Kyrie Irving,319
Wes Iwundu,320
Frank Jackson,321
Isaiah Jackson,322
Jaren Jackson Jr.,323
Reggie Jackson,324
LeBron James,325
DeJon Jarreau,326
DaQuan Jeffries,327
Ty Jerome,328
Isaiah Joe,329
B.J. Johnson,330
Cameron Johnson,331
David Johnson,332
James Johnson,333
Jalen Johnson,334
Joe Johnson,335
Keldon Johnson,336
Stanley Johnson,337
Nikola Joki?,338
Damian Jones,339
Derrick Jones Jr.,340
Herbert Jones,341
Jemerrio Jones,342
Kai Jones,343
Mason Jones,344
Tre Jones,345
Tyus Jones,346
Cory Joseph,347
Frank Kaminsky,348
Enes Freedom,349
Luke Kennard,350
George King,351
Louis King,352
Corey Kispert,353
Maxi Kleber,354
Brandon Knight,355
Nathan Knight,356
John Konchar,357
Furkan Korkmaz,358
Vit Krejci,359
Arnoldas Kulboka,360
Jonathan Kuminga,361
Kyle Kuzma,362
Anthony Lamb,363
Jock Landale,364
Zach LaVine,365
Jake Layman,366
Damion Lee,367
Saben Lee,368
Alex Len,369
Kira Lewis Jr.,370
Scottie Lewis,371
Damian Lillard,372
Nassir Little,373
Isaiah Livers,374
Kevon Looney,375
Brook Lopez,376
Robin Lopez,377
Kevin Love,378
Kyle Lowry,379
Gabriel Lundberg,380
Timoth? Luwawu-Cabarrot,381
Th?o Maledon,382
Sandro Mamukelashvili,383
Terance Mann,384
Tre Mann,385
Boban Marjanovi?,386
Lauri Markkanen,387
Naji Marshall,388
Caleb Martin,389
Cody Martin,390
Kenyon Martin Jr.,391
Garrison Mathews,392
Dakota Mathias,393
Wesley Matthews,394
Tyrese Maxey,395
Skylar Mays,396
Miles McBride,397
T.J. McConnell,398
Jalen McDaniels,399
Jaden McDaniels,400
Doug McDermott,401
JaVale McGee,402
Cameron McGriff,403
Rodney McGruder,404
Alfonzo McKinnie,405
JaQuori McLaughlin,406
Jordan McLaughlin,407
Ben McLemore,408
De'Anthony Melton,409
Sam Merrill,410
Chimezie Metu,411
Khris Middleton,412
C.J. Miles,413
Patty Mills,414
Shake Milton,415
Davion Mitchell,416
Donovan Mitchell,417
Evan Mobley,418
Malik Monk,419
Moses Moody,420
Matt Mooney,421
Xavier Moon,422
Ja Morant,423
Jaylen Morris,424
Markieff Morris,425
Marcus Morris,426
Monte Morris,427
Emmanuel Mudiay,428
Ade Murkey,429
Trey Murphy III,430
Dejounte Murray,431
Mike Muscala,432
Svi Mykhailiuk,433
Abdel Nader,434
RJ Nembhard Jr.,435
Aaron Nesmith,436
Raul Neto,437
Malik Newman,438
Georges Niang,439
Daishen Nix,440
Zeke Nnaji,441
Nerlens Noel,442
Jaylen Nowell,443
Frank Ntilikina,444
Jusuf Nurki?,445
David Nwaba,446
Jordan Nwora,447
Chuma Okeke,448
Josh Okogie,449
Onyeka Okongwu,450
Isaac Okoro,451
KZ Okpala,452
Victor Oladipo,453
Cameron Oliver,454
Kelly Olynyk,455
Eugene Omoruyi,456
Royce O'Neale,457
Miye Oni,458
Cedi Osman,459
Daniel Oturu,460
Kelly Oubre Jr.,461
Jaysean Paige,462
Trayvon Palmer,463
Kevin Pangos,464
Jabari Parker,465
Eric Paschall,466
Chris Paul,467
Cameron Payne,468
Elfrid Payton,469
Gary Payton II,470
Norvel Pelle,471
Jamorko Pickett,472
Theo Pinson,473
Mason Plumlee,474
Jakob Poeltl,475
Aleksej Pokusevski,476
Yves Pons,477
Jordan Poole,478
Kevin Porter Jr.,479
Michael Porter Jr.,480
Otto Porter Jr.,481
Bobby Portis,482
Micah Potter,483
Dwight Powell,484
Myles Powell,485
Joshua Primo,486
Taurean Prince,487
Payton Pritchard,488
Trevelin Queen,489
Neemias Queta,490
Immanuel Quickley,491
Jahmi'us Ramsey,492
Julius Randle,493
Austin Reaves,494
Davon Reed,495
Paul Reed,496
Naz Reid,497
Nick Richards,498
Austin Rivers,499
Duncan Robinson,500
Jeremiah Robinson-Earl,501
Mitchell Robinson,502
Isaiah Roby,503
Derrick Rose,504
Terrence Ross,505
Terry Rozier,506
Ricky Rubio,507
D'Angelo Russell,508
Matt Ryan,509
Olivier Sarr,510
Jordan Schakel,511
Admiral Schofield,512
Tre Scott,513
Jay Scrubb,514
Wayne Selden,515
Alperen ?eng?n,516
Collin Sexton,517
Landry Shamet,518
Day'Ron Sharpe,519
Pascal Siakam,520
Anfernee Simons,521
Marko Simonovic,522
Zavier Simpson,523
Jericho Sims,524
Deividas Sirvydis,525
Marcus Smart,526
Dennis Smith Jr.,527
Jaden Springer,528
Cassius Stanley,529
Lamar Stevens,530
Isaiah Stewart,531
Max Strus,532
Jalen Suggs,533
Craig Sword,534
Keifer Sykes,535
Jae'Sean Tate,536
Jayson Tatum,537
Terry Taylor,538
Garrett Temple,539
Emanuel Terry,540
Tyrell Terry,541
Jon Teske,542
Brodric Thomas,543
Cam Thomas,544
Matt Thomas,545
Klay Thompson,546
JT Thor,547
Matisse Thybulle,548
Killian Tillie,549
Xavier Tillman Sr.,550
Isaiah Todd,551
Obi Toppin,552
Juan Toscano-Anderson,553
Karl-Anthony Towns,554
Gary Trent Jr.,555
P.J. Tucker,556
Myles Turner,557
Jonas Valan?i?nas,558
Jarred Vanderbilt,559
Fred VanVleet,560
Devin Vassell,561
Gabe Vincent,562
Nikola Vu?evi?,563
Dean Wade,564
Franz Wagner,565
Moritz Wagner,566
Ish Wainright,567
Kemba Walker,568
Lonnie Walker IV,569
M.J. Walker,570
Tyrone Wallace,571
Derrick Walton,572
Duane Washington Jr.,573
P.J. Washington,574
Yuta Watanabe,575
Lindy Waters III,576
Trendon Watford,577
Paul Watson,578
Quinndary Weatherspoon,579
Russell Westbrook,580
Coby White,581
Hassan Whiteside,582
Joe Wieskamp,583
Aaron Wiggins,584
Andrew Wiggins,585
Lindell Wigginton,586
Brandon Williams,587
Grant Williams,588
Kenrich Williams,589
Lou Williams,590
Patrick Williams,591
Robert Williams,592
Ziaire Williams,593
D.J. Wilson,594
Dylan Windler,595
Cassius Winston,596
Robert Woodard II,597
Christian Wood,598
Delon Wright,599
McKinley Wright IV,600
Gabe York,601
Trae Young,602
Omer Yurtseven,603
Cody Zeller,604
Ivica Zubac,605
